2011;LCM;F;1;25 - 29;50;FREE;ANNABELKOSTEN;NED;2/15/2004;25.42;25.42
2011;LCM;F;1;25 - 29;100;FREE;AIMEERAMM;GBR;6/21/2008;57.71;57.71
2011;LCM;F;1;25 - 29;200;FREE;MEGANJENDRICK;USA;07.10.2010;02:04.6;124.56
2011;LCM;F;1;25 - 29;400;FREE;SARASHAND;USA;1989;04:27.5;267.53
2011;LCM;F;1;25 - 29;800;FREE;PAULAWOOD;GBR;03.02.2007;09:15.6;555.63
2011;LCM;F;1;25 - 29;1500;FREE;PAULAWOOD;GBR;03.02.2007;17:26.9;1046.88
2011;LCM;F;1;25 - 29;50;BACK;MAINAKAMURA;JPN;10.04.2008;29.6;29.6
2011;LCM;F;1;25 - 29;100;BACK;AKIKOMIZUMOTO;JPN;7/16/2007;01:04.8;64.82
2011;LCM;F;1;25 - 29;200;BACK;KANAOHASHI;JPN;7/16/2007;02:17.3;137.3
2011;LCM;F;1;25 - 29;50;BREAST;MEGANJENDRICK;USA;07.10.2010;31.6;31.6
2011;LCM;F;1;25 - 29;100;BREAST;MEGANJENDRICK;USA;07.10.2010;01:10.6;70.56
2011;LCM;F;1;25 - 29;200;BREAST;HITOMIMATSUDA;JPN;7/17/2006;02:35.5;155.46
2011;LCM;F;1;25 - 29;50;FLY;L.KRISTIANSEN;DEN;08.02.2010;27.9;27.9
2011;LCM;F;1;25 - 29;100;FLY;YUKONAKANISHI;JPN;7/17/2010;01:02.7;62.73
2011;LCM;F;1;25 - 29;200;FLY;YUKONAKANISHI;JPN;7/16/2010;02:17.6;137.56
2011;LCM;F;1;25 - 29;200;MEDLEY;HITOMIMATSUDA;JPN;10.02.2005;02:20.7;140.71
2011;LCM;F;1;25 - 29;400;MEDLEY;HITOMIMATSUDA;JPN;11.05.2006;05:02.8;302.78
2011;LCM;F;1;30 - 34;50;FREE;MARTINAMORAVCOVA;USA;06.06.2008;25.74;25.74
2011;LCM;F;1;30 - 34;100;FREE;ERIKAERNDL;USA;07.11.2009;55.24;55.24
2011;LCM;F;1;30 - 34;200;FREE;HITOMIMATSUDA;JPN;10/17/2009;02:04.6;124.62
2011;LCM;F;1;30 - 34;400;FREE;HITOMIMATSUDA;JPN;9/26/2008;04:25.6;265.6
2011;LCM;F;1;30 - 34;800;FREE;KIRSTENCAMERON;NZL;05.04.2007;09:13.2;553.22
2011;LCM;F;1;30 - 34;1500;FREE;HEIDIGEORGE;USA;07.10.2009;17:25.8;1045.8
2011;LCM;F;1;30 - 34;50;BACK;NORIKOINADA;JPN;7/16/2010;28.86;28.86
2011;LCM;F;1;30 - 34;100;BACK;NORIKOINADA;JPN;7/18/2010;01:02.3;62.26
2011;LCM;F;1;30 - 34;200;BACK;SARABETHMETZGER;USA;08.06.2009;02:17.6;137.61
2011;LCM;F;1;30 - 34;50;BREAST;HITOMIMATSUDA;JPN;9/26/2009;32.42;32.42
2011;LCM;F;1;30 - 34;100;BREAST;HITOMIMATSUDA;JPN;10.03.2009;01:10.1;70.1
2011;LCM;F;1;30 - 34;200;BREAST;HITOMIMATSUDA;JPN;10/17/2009;02:28.9;148.93
2011;LCM;F;1;30 - 34;50;FLY;MARTINAMORAVCOVA;USA;06.07.2008;27.48;27.48
2011;LCM;F;1;30 - 34;100;FLY;MARTINAMORAVCOVA;USA;06.07.2008;58.81;58.81
2011;LCM;F;1;30 - 34;200;FLY;METTEJACOBSEN;DEN;05.07.2006;02:13.6;133.6
2011;LCM;F;1;30 - 34;200;MEDLEY;ERIKAERNDL;USA;07.07.2009;02:13.9;133.89
2011;LCM;F;1;30 - 34;400;MEDLEY;HITOMIMATSUDA;JPN;11.08.2009;04:56.1;296.08
2011;LCM;F;1;35 - 39;50;FREE;DARATORRES;USA;08.08.2006;25.98;25.98
2011;LCM;F;1;35 - 39;100;FREE;TRACIEMOLL;USA;8/23/1998;58.38;58.38
2011;LCM;F;1;35 - 39;200;FREE;K.PIPES - NEILSEN;USA;08.10.1997;02:06.9;126.94
2011;LCM;F;1;35 - 39;400;FREE;K.PIPES - NEILSEN;USA;08.10.1997;04:26.2;266.17
2011;LCM;F;1;35 - 39;800;FREE;KIRSTENCAMERON;NZL;7/31/2010;09:09.1;549.12
2011;LCM;F;1;35 - 39;1500;FREE;KIRSTENCAMERON;NZL;3/13/2009;17:33.5;1053.5
2011;LCM;F;1;35 - 39;50;BACK;SHERIHART;USA;08.07.2010;30.17;30.17
2011;LCM;F;1;35 - 39;100;BACK;SHERIHART;USA;08.08.2010;01:05.0;64.99
2011;LCM;F;1;35 - 39;200;BACK;K.PIPES - NEILSEN;USA;08.10.1997;02:18.2;138.2
2011;LCM;F;1;35 - 39;50;BREAST;R.CRESCENTINI;ITA;6/25/2010;33.49;33.49
2011;LCM;F;1;35 - 39;100;BREAST;CAROLINEKRATTLI;USA;8/17/2001;01:13.8;73.81
2011;LCM;F;1;35 - 39;200;BREAST;CAROLINEKRATTLI;USA;8/19/2001;02:41.8;161.76
2011;LCM;F;1;35 - 39;50;FLY;LYNNEHAYES;AUS;4/30/2009;28.03;28.03
2011;LCM;F;1;35 - 39;100;FLY;LYNNEHAYES;AUS;3/19/2009;01:02.4;62.44
2011;LCM;F;1;35 - 39;200;FLY;K.PIPES - NEILSEN;USA;08.10.1997;02:20.2;140.21
2011;LCM;F;1;35 - 39;200;MEDLEY;K.PIPES - NEILSEN;USA;6/29/1997;02:25.3;145.31
2011;LCM;F;1;35 - 39;400;MEDLEY;K.PIPES - NEILSEN;USA;6/29/1997;05:07.2;307.21
2011;LCM;F;1;40 - 44;50;FREE;EDITHOTTERMANN;RSA;11.07.2009;26.44;26.44
2011;LCM;F;1;40 - 44;100;FREE;MARIADOELGER;USA;8/17/2003;58.43;58.43
2011;LCM;F;1;40 - 44;200;FREE;K.PIPES - NEILSEN;USA;8/15/2005;02:09.3;129.28
2011;LCM;F;1;40 - 44;400;FREE;K.PIPES - NEILSEN;USA;08.11.2002;04:28.2;268.24
2011;LCM;F;1;40 - 44;800;FREE;K.PIPES - NEILSEN;USA;9/29/2002;09:24.8;564.77
2011;LCM;F;1;40 - 44;1500;FREE;K.PIPES - NEILSEN;USA;08.11.2003;17:56.5;1076.5
2011;LCM;F;1;40 - 44;50;BACK;CINDYMABEE;CAN;03.07.2009;31.49;31.49
2011;LCM;F;1;40 - 44;100;BACK;CINDYMABEE;CAN;03.07.2009;01:07.1;67.06
2011;LCM;F;1;40 - 44;200;BACK;JODYSMITH;USA;08.06.2009;02:23.2;143.18
2011;LCM;F;1;40 - 44;50;BREAST;S.VONDERLIPPE;USA;7/23/2006;33.25;33.25
2011;LCM;F;1;40 - 44;100;BREAST;S.VONDERLIPPE;USA;5/23/2009;01:13.8;73.78
2011;LCM;F;1;40 - 44;200;BREAST;S.VONDERLIPPE;USA;08.09.2006;02:38.4;158.44
2011;LCM;F;1;40 - 44;50;FLY;S.VONDERLIPPE;USA;5/25/2009;28.52;28.52
2011;LCM;F;1;40 - 44;100;FLY;S.VONDERLIPPE;USA;5/23/2009;01:03.4;63.36
2011;LCM;F;1;40 - 44;200;FLY;S.VONDERLIPPE;USA;7/23/2006;02:24.8;144.78
2011;LCM;F;1;40 - 44;200;MEDLEY;S.VONDERLIPPE;USA;08.05.2007;02:25.0;145.03
2011;LCM;F;1;40 - 44;400;MEDLEY;K.PIPES - NEILSEN;USA;08.01.2004;05:09.8;309.83
2011;LCM;F;1;45 - 49;50;FREE;EDITHOTTERMANN;RSA;3/16/2011;26.59;26.59
2011;LCM;F;1;45 - 49;100;FREE;K.PIPES - NEILSEN;USA;08.05.2007;59.79;59.79
2011;LCM;F;1;45 - 49;200;FREE;K.PIPES - NEILSEN;USA;6/13/2009;02:10.1;130.09
2011;LCM;F;1;45 - 49;400;FREE;K.PIPES - NEILSEN;USA;09.06.2008;04:35.8;275.84
2011;LCM;F;1;45 - 49;800;FREE;K.PIPES - NEILSEN;USA;08.05.2007;09:24.1;564.11
2011;LCM;F;1;45 - 49;1500;FREE;S.HEIM - BOWEN;USA;8/17/2003;17:55.8;1075.8
2011;LCM;F;1;45 - 49;50;BACK;VALERIEJENKINS;USA;8/17/2008;31.71;31.71
2011;LCM;F;1;45 - 49;100;BACK;K.PIPES - NEILSEN;USA;5/24/2009;01:08.1;68.11
2011;LCM;F;1;45 - 49;200;BACK;K.PIPES - NEILSEN;USA;5/22/2009;02:26.1;146.06
2011;LCM;F;1;45 - 49;50;BREAST;S.VONDERLIPPE;USA;7/17/2010;33.66;33.66
2011;LCM;F;1;45 - 49;100;BREAST;MARZENAKULIS;ITA;9/17/2009;01:13.5;73.49
2011;LCM;F;1;45 - 49;200;BREAST;CAROLINEKRATTLI;USA;08.05.2007;02:45.2;165.2
2011;LCM;F;1;45 - 49;50;FLY;EDITHOTTERMANN;RSA;2/19/2011;28.97;28.97
2011;LCM;F;1;45 - 49;100;FLY;K.PIPES - NEILSEN;USA;09.06.2008;01:05.7;65.69
2011;LCM;F;1;45 - 49;200;FLY;K.PIPES - NEILSEN;USA;6/20/2009;02:24.3;144.34
2011;LCM;F;1;45 - 49;200;MEDLEY;K.PIPES - NEILSEN;USA;8/16/2008;02:27.6;147.57
2011;LCM;F;1;45 - 49;400;MEDLEY;K.PIPES - NEILSEN;USA;09.05.2008;05:13.8;313.85
2011;LCM;F;1;50 - 54;50;FREE;LAURAVAL;USA;8/18/2001;28.22;28.22
2011;LCM;F;1;50 - 54;100;FREE;LAURAVAL;USA;8/19/2001;01:01.1;61.13
2011;LCM;F;1;50 - 54;200;FREE;S.HEIM - BOWEN;USA;4/20/2008;02:15.0;135
2011;LCM;F;1;50 - 54;400;FREE;LYNNMARSHALL;CAN;2/19/2011;04:41.2;281.19
2011;LCM;F;1;50 - 54;800;FREE;LYNNMARSHALL;CAN;3/13/2011;09:48.3;588.28
2011;LCM;F;1;50 - 54;1500;FREE;LYNNMARSHALL;CAN;3/13/2011;18:29.3;1109.3
2011;LCM;F;1;50 - 54;50;BACK;J.SWAGERTY - HILL;USA;8/18/2002;32.87;32.87
2011;LCM;F;1;50 - 54;100;BACK;K.ANDRUS - HUGHES;USA;8/17/2008;01:13.6;73.55
2011;LCM;F;1;50 - 54;200;BACK;LYNNMARSHALL;CAN;2/19/2011;02:33.0;153.03
2011;LCM;F;1;50 - 54;50;BREAST;JENNYWHITELEY;AUS;12.05.2009;35.61;35.61
2011;LCM;F;1;50 - 54;100;BREAST;JENNYWHITELEY;AUS;4/19/2008;01:19.9;79.91
2011;LCM;F;1;50 - 54;200;BREAST;JENNYWHITELEY;AUS;4/23/2008;02:55.1;175.15
2011;LCM;F;1;50 - 54;50;FLY;ANGELAZINGLER;GER;06.04.2004;30.24;30.24
2011;LCM;F;1;50 - 54;100;FLY;LAURAVAL;USA;8/17/2001;01:07.8;67.81
2011;LCM;F;1;50 - 54;200;FLY;LAURAVAL;USA;8/18/2001;02:31.6;151.55
2011;LCM;F;1;50 - 54;200;MEDLEY;CECILIASTANFORD;RSA;3/18/2011;02:36.6;156.62
2011;LCM;F;1;50 - 54;400;MEDLEY;LYNNMARSHALL;CAN;2/19/2011;05:32.3;332.26
2011;LCM;F;1;55 - 59;50;FREE;LAURAVAL;USA;8/17/2008;28.69;28.69
2011;LCM;F;1;55 - 59;100;FREE;LAURAVAL;USA;8/16/2008;01:02.0;62.02
2011;LCM;F;1;55 - 59;200;FREE;LAURAVAL;USA;08.06.2009;02:16.3;136.28
2011;LCM;F;1;55 - 59;400;FREE;LAURAVAL;USA;07.12.2009;04:50.1;290.13
2011;LCM;F;1;55 - 59;800;FREE;LAURAVAL;USA;07.12.2008;10:05.3;605.3
2011;LCM;F;1;55 - 59;1500;FREE;LAURAVAL;USA;07.08.2007;19:14.7;1154.7
2011;LCM;F;1;55 - 59;50;BACK;LAURAVAL;USA;08.12.2010;33.75;33.75
2011;LCM;F;1;55 - 59;100;BACK;LAURAVAL;USA;8/17/2008;01:14.4;74.41
2011;LCM;F;1;55 - 59;200;BACK;N.STEADMANMARTIN;USA;08.06.2009;02:47.5;167.52
2011;LCM;F;1;55 - 59;50;BREAST;JANWICKS;AUS;7/28/2001;38.3;38.3
2011;LCM;F;1;55 - 59;100;BREAST;LODKNAPP;USA;08.06.2009;01:25.2;85.19
2011;LCM;F;1;55 - 59;200;BREAST;LODKNAPP;USA;08.09.2009;03:04.3;184.32
2011;LCM;F;1;55 - 59;50;FLY;LAURAVAL;USA;08.06.2009;31.42;31.42
2011;LCM;F;1;55 - 59;100;FLY;LAURAVAL;USA;08.09.2009;01:09.5;69.47
2011;LCM;F;1;55 - 59;200;FLY;LAURAVAL;USA;07.08.2007;02:41.5;161.51
2011;LCM;F;1;55 - 59;200;MEDLEY;LAURAVAL;USA;8/16/2008;02:43.5;163.45
2011;LCM;F;1;55 - 59;400;MEDLEY;LAURAVAL;USA;07.10.2009;05:49.4;349.4
2011;LCM;F;1;60 - 64;50;FREE;SANDERINAKRUGER;RSA;3/16/2011;30.19;30.19
2011;LCM;F;1;60 - 64;100;FREE;SANDERINAKRUGER;RSA;3/13/2009;01:06.6;66.63
2011;LCM;F;1;60 - 64;200;FREE;SANDERINAKRUGER;RSA;08.02.2010;02:29.5;149.54
2011;LCM;F;1;60 - 64;400;FREE;B.BARNETT - SALLEE;USA;08.10.2006;05:21.8;321.79
2011;LCM;F;1;60 - 64;800;FREE;BARBARADUNBAR;USA;06.07.2009;11:16.8;676.8
2011;LCM;F;1;60 - 64;1500;FREE;BARBARADUNBAR;USA;06.07.2009;21:16.0;1276
2011;LCM;F;1;60 - 64;50;BACK;B.BARNETT - SALLEE;USA;08.10.2006;35.79;35.79
2011;LCM;F;1;60 - 64;100;BACK;B.BARNETT - SALLEE;USA;08.09.2006;01:18.9;78.91
2011;LCM;F;1;60 - 64;200;BACK;B.BARNETT - SALLEE;USA;08.05.2006;02:50.2;170.16
2011;LCM;F;1;60 - 64;50;BREAST;MONIKASENFTLEBEN;GER;3/27/2002;38.48;38.48
2011;LCM;F;1;60 - 64;100;BREAST;BONNIEPRONK;CAN;3/28/2002;01:27.6;87.64
2011;LCM;F;1;60 - 64;200;BREAST;BONNIEPRONK;CAN;3/26/2002;03:14.5;194.49
2011;LCM;F;1;60 - 64;50;FLY;JUDYWILSON;GBR;06.04.2004;33.47;33.47
2011;LCM;F;1;60 - 64;100;FLY;JUDYWILSON;GBR;06.06.2004;01:17.3;77.34
2011;LCM;F;1;60 - 64;200;FLY;BARBARADUNBAR;USA;06.07.2009;03:05.1;185.07
2011;LCM;F;1;60 - 64;200;MEDLEY;CHARLOTTEDAVIS;USA;08.03.2010;02:52.7;172.67
2011;LCM;F;1;60 - 64;400;MEDLEY;CHARLOTTEDAVIS;USA;08.02.2010;06:09.0;368.99
2011;LCM;F;1;65 - 69;50;FREE;CAROLYNBOAK;USA;08.11.2010;31.84;31.84
2011;LCM;F;1;65 - 69;100;FREE;CHRISTELSCHULZ;GER;8/19/2005;01:12.0;72
2011;LCM;F;1;65 - 69;200;FREE;CAROLYNBOAK;USA;08.10.2010;02:39.1;159.05
2011;LCM;F;1;65 - 69;400;FREE;JENTHOMASSON;AUS;4/24/2008;05:43.1;343.1
2011;LCM;F;1;65 - 69;800;FREE;JENTHOMASSON;AUS;4/18/2008;11:53.2;713.2
2011;LCM;F;1;65 - 69;1500;FREE;JENTHOMASSON;AUS;7/26/2008;22:40.6;1360.6
2011;LCM;F;1;65 - 69;50;BACK;MARGITOHLSSON;SWE;08/06/2010;37.32;37.32
2011;LCM;F;1;65 - 69;100;BACK;MARGITOHLSSON;SWE;08/05/2010;01:21.8;81.81
2011;LCM;F;1;65 - 69;200;BACK;MARGITOHLSSON;SWE;08/01/2010;03:03.5;183.48
2011;LCM;F;1;65 - 69;50;BREAST;MONIKASENFTLEBEN;GER;6/14/2009;41.52;41.52
2011;LCM;F;1;65 - 69;100;BREAST;NOBUKOYASUDA;JPN;6/20/2010;01:33.2;93.23
2011;LCM;F;1;65 - 69;200;BREAST;NOBUKOYASUDA;JPN;08.05.2010;03:24.8;204.79
2011;LCM;F;1;65 - 69;50;FLY;CHRISTELSCHULZ;GER;08.06.2006;35.77;35.77
2011;LCM;F;1;65 - 69;100;FLY;CAROLYNBOAK;USA;08.11.2010;01:26.2;86.17
2011;LCM;F;1;65 - 69;200;FLY;CAROLYNBOAK;USA;08.12.2010;03:21.4;201.42
2011;LCM;F;1;65 - 69;200;MEDLEY;CAROLYNBOAK;USA;08.11.2010;03:06.1;186.1
2011;LCM;F;1;65 - 69;400;MEDLEY;CAROLYNBOAK;USA;7/23/2010;06:37.5;397.45
2011;LCM;F;1;70 - 74;50;FREE;CHRISTELSCHULZ;GER;1/16/2010;33.57;33.57
2011;LCM;F;1;70 - 74;100;FREE;YOSHIKOOSAKI;JPN;09.05.2009;01:14.3;74.28
2011;LCM;F;1;70 - 74;200;FREE;CHRISTELSCHULZ;GER;08.02.2010;02:48.0;168.03
2011;LCM;F;1;70 - 74;400;FREE;YOSHIKOOSAKI;JPN;7/18/2008;05:55.0;354.97
2011;LCM;F;1;70 - 74;800;FREE;YOSHIKOOSAKI;JPN;11.01.2009;12:13.1;733.1
2011;LCM;F;1;70 - 74;1500;FREE;JANEASHER;GBR;06.01.2001;24:06.5;1446.5
2011;LCM;F;1;70 - 74;50;BACK;PAMELAHUTCHINGS;AUS;4/22/2008;41.1;41.1
2011;LCM;F;1;70 - 74;100;BACK;CHRISTELSCHULZ;GER;06.12.2010;01:32.0;92.02
2011;LCM;F;1;70 - 74;200;BACK;CHRISTELSCHULZ;GER;3/13/2010;03:21.2;201.23
2011;LCM;F;1;70 - 74;50;BREAST;SHOKOYONEZAWA;JPN;12.04.2005;43.45;43.45
2011;LCM;F;1;70 - 74;100;BREAST;SHOKOYONEZAWA;JPN;6/24/2007;01:37.7;97.72
2011;LCM;F;1;70 - 74;200;BREAST;SHOKOYONEZAWA;JPN;03.06.2005;03:34.3;214.32
2011;LCM;F;1;70 - 74;50;FLY;CHRISTELSCHULZ;GER;05.08.2010;37.93;37.93
2011;LCM;F;1;70 - 74;100;FLY;YOSHIKOOSAKI;JPN;7/19/2008;01:34.5;94.51
2011;LCM;F;1;70 - 74;200;FLY;JUNEKRAUSER;USA;6/27/1996;03:39.9;219.91
2011;LCM;F;1;70 - 74;200;MEDLEY;YOSHIKOOSAKI;JPN;6/21/2008;03:13.2;193.19
2011;LCM;F;1;70 - 74;400;MEDLEY;YOSHIKOOSAKI;JPN;11.09.2008;06:54.9;414.93
2011;LCM;F;1;75 - 79;50;FREE;JANEASHER;GBR;03.03.2006;34.85;34.85
2011;LCM;F;1;75 - 79;100;FREE;JANEASHER;GBR;08.05.2006;01:20.2;80.15
2011;LCM;F;1;75 - 79;200;FREE;JANEASHER;GBR;4/20/2008;02:56.6;176.57
2011;LCM;F;1;75 - 79;400;FREE;JANEASHER;GBR;08.10.2006;06:13.2;373.2
2011;LCM;F;1;75 - 79;800;FREE;JANEASHER;GBR;10/22/2006;12:58.9;778.9
2011;LCM;F;1;75 - 79;1500;FREE;JANEASHER;GBR;03.03.2006;24:41.8;1481.8
2011;LCM;F;1;75 - 79;50;BACK;SHOKOYONEZAWA;JPN;1/17/2010;42.06;42.06
2011;LCM;F;1;75 - 79;100;BACK;JANEASHER;GBR;10/21/2006;01:38.6;98.62
2011;LCM;F;1;75 - 79;200;BACK;JANEASHER;GBR;6/16/2006;03:34.3;214.35
2011;LCM;F;1;75 - 79;50;BREAST;SHOKOYONEZAWA;JPN;03.06.2010;43.95;43.95
2011;LCM;F;1;75 - 79;100;BREAST;SHOKOYONEZAWA;JPN;03.06.2010;01:38.8;98.81
2011;LCM;F;1;75 - 79;200;BREAST;SHOKOYONEZAWA;JPN;03.07.2010;03:41.5;221.53
2011;LCM;F;1;75 - 79;50;FLY;JANEASHER;GBR;08.06.2006;41.99;41.99
2011;LCM;F;1;75 - 79;100;FLY;JUDIEOLIVER;CAN;4/22/2007;01:47.4;107.4
2011;LCM;F;1;75 - 79;200;FLY;SYLVIANEUHAUSER;AUT;06.09.2004;04:03.6;243.55
2011;LCM;F;1;75 - 79;200;MEDLEY;JANEASHER;GBR;1/29/2006;03:38.5;218.46
2011;LCM;F;1;75 - 79;400;MEDLEY;JANEASHER;GBR;03.03.2006;07:40.0;459.96
2011;LCM;F;1;80 - 84;50;FREE;GAILROPER;USA;03.07.2009;38.64;38.64
2011;LCM;F;1;80 - 84;100;FREE;JANEASHER;GBR;1/29/2011;01:24.7;84.66
2011;LCM;F;1;80 - 84;200;FREE;JANEASHER;GBR;03.05.2011;03:07.4;187.4
2011;LCM;F;1;80 - 84;400;FREE;JANEASHER;GBR;1/29/2011;06:57.3;417.31
2011;LCM;F;1;80 - 84;800;FREE;JANEASHER;GBR;1/29/2011;13:51.2;9999;
2011;LCM;F;1;80 - 84;1500;FREE;MARGERYMEYER;USA;8/18/2002;29:35.0;9999;
2011;LCM;F;1;80 - 84;50;BACK;BUNNYCEDERLUND;USA;3/29/2002;46.39;46.39
2011;LCM;F;1;80 - 84;100;BACK;BETTYLORENZI;USA;08.07.2009;01:47.3;107.29
2011;LCM;F;1;80 - 84;200;BACK;JANEASHER;GBR;03.06.2011;03:50.6;230.64
2011;LCM;F;1;80 - 84;50;BREAST;EDITHBOHM;GER;06.07.2008;53.36;53.36
2011;LCM;F;1;80 - 84;100;BREAST;SYLVIANEUHAUSER;AUT;9/17/2009;01:59.3;119.3
2011;LCM;F;1;80 - 84;200;BREAST;SYLVIANEUHAUSER;AUT;9/19/2009;04:17.8;257.76
2011;LCM;F;1;80 - 84;50;FLY;GAILROPER;USA;03.07.2009;47.37;47.37
2011;LCM;F;1;80 - 84;100;FLY;SYLVIANEUHAUSER;AUT;9/16/2009;02:01.5;121.54
2011;LCM;F;1;80 - 84;200;FLY;SYLVIANEUHAUSER;AUT;9/17/2009;04:22.7;262.66
2011;LCM;F;1;80 - 84;200;MEDLEY;SYLVIANEUHAUSER;AUT;9/15/2009;04:18.3;258.33
2011;LCM;F;1;80 - 84;400;MEDLEY;JANEASHER;GBR;1/30/2011;08:21.9;501.88
2011;LCM;F;1;85 - 89;50;FREE;OLGAJOHNSON;NZL;3/25/2006;44.7;44.7
2011;LCM;F;1;85 - 89;100;FREE;OLGAKOKORINA;RUS;9/18/2009;01:46.1;106.13
2011;LCM;F;1;85 - 89;200;FREE;MARGERYMEYER;USA;8/13/2007;03:56.1;236.11
2011;LCM;F;1;85 - 89;400;FREE;MARGERYMEYER;USA;8/13/2007;08:14.1;494.05
2011;LCM;F;1;85 - 89;800;FREE;MARGERYMEYER;USA;07.08.2007;17:09.7;9999;
2011;LCM;F;1;85 - 89;1500;FREE;MARGERYMEYER;USA;07.10.2009;32:11.5;9999;
2011;LCM;F;1;85 - 89;50;BACK;BUNNYCEDERLUND;USA;08.10.2006;53.44;53.44
2011;LCM;F;1;85 - 89;100;BACK;BUNNYCEDERLUND;USA;08.09.2006;02:06.4;126.41
2011;LCM;F;1;85 - 89;200;BACK;EDITHTHEIN;ISR;8/29/2003;04:29.2;269.16
2011;LCM;F;1;85 - 89;50;BREAST;OLGAKOKORINA;RUS;9/16/2009;57.24;57.24
2011;LCM;F;1;85 - 89;100;BREAST;OLGAKOKORINA;RUS;5/31/2009;02:09.8;129.75
2011;LCM;F;1;85 - 89;200;BREAST;OLGAKOKORINA;RUS;5/30/2009;04:43.9;283.93
2011;LCM;F;1;85 - 89;50;FLY;LOISKIVINOCHMAN;USA;06.07.2009;01:01.9;61.94
2011;LCM;F;1;85 - 89;100;FLY;LOISKIVINOCHMAN;USA;08.07.2009;02:23.9;143.89
2011;LCM;F;1;85 - 89;200;FLY;LOISKIVINOCHMAN;USA;7/25/2009;05:07.6;307.64
2011;LCM;F;1;85 - 89;200;MEDLEY;LOISKIVINOCHMAN;USA;08.09.2009;05:11.9;311.92
2011;LCM;F;1;85 - 89;400;MEDLEY;LOISKIVINOCHMAN;USA;08.06.2009;10:48.8;648.8
2011;LCM;F;1;90 - 94;50;FREE;HISAKOKOGA;JPN;10.07.2007;54.97;54.97
2011;LCM;F;1;90 - 94;100;FREE;HISAKOKOGA;JPN;10.07.2007;02:00.1;120.12
2011;LCM;F;1;90 - 94;200;FREE;RITASIMONTON;USA;7/20/2008;04:19.8;259.8
2011;LCM;F;1;90 - 94;400;FREE;RITASIMONTON;USA;08.03.2008;09:04.9;544.93
2011;LCM;F;1;90 - 94;800;FREE;RITASIMONTON;USA;8/14/2008;18:53.6;9999;
2011;LCM;F;1;90 - 94;1500;FREE;RITASIMONTON;USA;06.01.2008;36:02.2;9999;
2011;LCM;F;1;90 - 94;50;BACK;AILEENSOULE;USA;8/25/1996;01:03.5;63.49
2011;LCM;F;1;90 - 94;100;BACK;AILEENSOULE;USA;8/25/1996;02:23.2;143.23
2011;LCM;F;1;90 - 94;200;BACK;WILLYVANRYSEL;GBR;03.03.2006;05:17.4;317.36
2011;LCM;F;1;90 - 94;50;BREAST;MARIALENK;BRA;12/18/2005;01:25.9;85.91
2011;LCM;F;1;90 - 94;100;BREAST;MARIALENK;USA;8/15/2005;03:12.9;192.88
2011;LCM;F;1;90 - 94;200;BREAST;BARBARABOHM;GER;08.05.2010;06:54.0;413.97
2011;LCM;F;1;90 - 94;50;FLY;RITASIMONTON;USA;06.01.2008;01:33.1;93.12
2011;LCM;F;1;90 - 94;100;FLY;;;;;9999;
2011;LCM;F;1;90 - 94;200;FLY;;;;;9999;
2011;LCM;F;1;90 - 94;200;MEDLEY;RITASIMONTON;USA;8/16/2008;06:30.1;390.12
2011;LCM;F;1;90 - 94;400;MEDLEY;;;;;9999;
2011;LCM;F;1;95 - 99;50;FREE;SHIZUESHIMIZU;JPN;7/17/2006;01:14.4;74.38
2011;LCM;F;1;95 - 99;100;FREE;MIEKONAGAOKA;JPN;6/14/2009;02:56.8;176.83
2011;LCM;F;1;95 - 99;200;FREE;MIEKONAGAOKA;JPN;9/25/2009;06:30.3;390.34
2011;LCM;F;1;95 - 99;400;FREE;MIEKONAGAOKA;JPN;1/16/2011;13:52.1;832.1;
2011;LCM;F;1;95 - 99;800;FREE;MIEKONAGAOKA;JPN;6/13/2010;29:29.0;9999;
2011;LCM;F;1;95 - 99;1500;FREE;;;;;9999;
2011;LCM;F;1;95 - 99;50;BACK;MIEKONAGAOKA;JPN;12.06.2009;01:19.1;79.05
2011;LCM;F;1;95 - 99;100;BACK;MIEKONAGAOKA;JPN;03.07.2010;02:55.6;175.56
2011;LCM;F;1;95 - 99;200;BACK;MIEKONAGAOKA;JPN;03.06.2010;06:30.0;389.99
2011;LCM;F;1;95 - 99;50;BREAST;MIEKONAGAOKA;JPN;09.11.2010;02:24.8;144.83
2011;LCM;F;1;95 - 99;100;BREAST;;;;;9999;
2011;LCM;F;1;95 - 99;200;BREAST;;;;;9999;
2011;LCM;F;1;95 - 99;50;FLY;;;;;9999;
2011;LCM;F;1;95 - 99;100;FLY;;;;;9999;
2011;LCM;F;1;95 - 99;200;FLY;;;;;9999;
2011;LCM;F;1;95 - 99;200;MEDLEY;;;;;9999;
2011;LCM;F;1;95 - 99;400;MEDLEY;;;;;9999;
2011;LCM;F;1;100 - 104;50;FREE;MARYMAINA;AUS;10.03.1994;05:10.8;310.84
2011;LCM;F;1;100 - 104;100;FREE;;;;;9999;
2011;LCM;F;1;100 - 104;200;FREE;;;;;9999;
2011;LCM;F;1;100 - 104;400;FREE;;;;;9999;
2011;LCM;F;1;100 - 104;800;FREE;;;;;9999;
2011;LCM;F;1;100 - 104;1500;FREE;;;;;9999;
2011;LCM;F;1;100 - 104;50;BACK;;;;;9999;
2011;LCM;F;1;100 - 104;100;BACK;;;;;9999;
2011;LCM;F;1;100 - 104;200;BACK;;;;;9999;
2011;LCM;F;1;100 - 104;50;BREAST;;;;;9999;
2011;LCM;F;1;100 - 104;100;BREAST;;;;;9999;
2011;LCM;F;1;100 - 104;200;BREAST;;;;;9999;
2011;LCM;F;1;100 - 104;50;FLY;;;;;9999;
2011;LCM;F;1;100 - 104;100;FLY;;;;;9999;
2011;LCM;F;1;100 - 104;200;FLY;;;;;9999;
2011;LCM;F;1;100 - 104;200;MEDLEY;;;;;9999;
2011;LCM;F;1;100 - 104;400;MEDLEY;;;;;9999;
2011;LCM;M;1;25 - 29;50;FREE;KEVINDEFORREST;USA;8/28/1983;22.59;22.59
2011;LCM;M;1;25 - 29;100;FREE;NICKSHACKELL;USA;8/13/2000;50.74;50.74
2011;LCM;M;1;25 - 29;200;FREE;JOHNKEPPELER;USA;8/23/1992;01:52.2;112.17
2011;LCM;M;1;25 - 29;400;FREE;HONZAVITAZKA;USA;8/18/2002;04:01.0;240.98
2011;LCM;M;1;25 - 29;800;FREE;ALEXKOSTICH;USA;6/29/1997;08:24.7;504.67
2011;LCM;M;1;25 - 29;1500;FREE;ALEXKOSTICH;USA;08.10.1997;16:13.9;9999;
2011;LCM;M;1;25 - 29;50;BACK;HIDEAKIAOKI;JPN;03.07.2010;26.18;26.18
2011;LCM;M;1;25 - 29;100;BACK;IKUMIHASEGAWA;JPN;9/27/2009;57.42;57.42
2011;LCM;M;1;25 - 29;200;BACK;KAMILKASPROWICZ;GER;08.01.2010;02:03.8;123.8
2011;LCM;M;1;25 - 29;50;BREAST;EDUARDOFISCHER;BRA;3/29/2008;28.33;28.33
2011;LCM;M;1;25 - 29;100;BREAST;CHRISTOPHERJONES;GBR;8/30/2007;01:02.6;62.65
2011;LCM;M;1;25 - 29;200;BREAST;GARYMARSHALL;USA;8/17/2008;02:16.7;136.7
2011;LCM;M;1;25 - 29;50;FLY;KOHEIKAWAMOTO;USA;8/16/2008;23.71;23.71
2011;LCM;M;1;25 - 29;100;FLY;KOHEIKAWAMOTO;USA;8/15/2008;53.09;53.09
2011;LCM;M;1;25 - 29;200;FLY;SATOSHITORATANI;JPN;4/23/2008;02:03.3;123.26
2011;LCM;M;1;25 - 29;200;MEDLEY;KAMILKASPROWICZ;GER;08.03.2010;02:06.0;125.98
2011;LCM;M;1;25 - 29;400;MEDLEY;DIOGOYABE;BRA;09.12.2009;04:30.1;270.05
2011;LCM;M;1;30 - 34;50;FREE;SABIRMUHAMMED;USA;06.06.2009;22.53;22.53
2011;LCM;M;1;30 - 34;100;FREE;S.KUNZELMANN;GER;9/18/2009;50.84;50.84
2011;LCM;M;1;30 - 34;200;FREE;DANIELKOWALSKI;AUS;05.03.2009;01:53.1;113.15
2011;LCM;M;1;30 - 34;400;FREE;DANIELKOWALSKI;AUS;05.02.2009;03:58.4;238.42
2011;LCM;M;1;30 - 34;800;FREE;DANIELKOWALSKI;AUS;4/29/2009;08:18.8;498.76
2011;LCM;M;1;30 - 34;1500;FREE;ASUKAKOIZUMI;JPN;11.07.2009;16:30.4;9999;
2011;LCM;M;1;30 - 34;50;BACK;R.IONUTFLOREA;ROU;08.04.2010;26.54;26.54
2011;LCM;M;1;30 - 34;100;BACK;MARTINHARRIS;GBR;06.02.2000;57.24;57.24
2011;LCM;M;1;30 - 34;200;BACK;ROGERIOROMERO;BRA;11/24/2000;02:02.8;122.75
2011;LCM;M;1;30 - 34;50;BREAST;CARLOSALENCAR;BRA;11/26/2009;28.59;28.59
2011;LCM;M;1;30 - 34;100;BREAST;RYOSUKEIMAI;JPN;08.01.2010;01:04.1;64.08
2011;LCM;M;1;30 - 34;200;BREAST;NICKGILLINGHAM;GBR;8/25/1999;02:20.4;140.43
2011;LCM;M;1;30 - 34;50;FLY;OSWALDOQUEVEDO;VEN;08.06.2009;24.15;24.15
2011;LCM;M;1;30 - 34;100;FLY;I.STEFANGHERGHEL;ROU;08.03.2010;54.19;54.19
2011;LCM;M;1;30 - 34;200;FLY;MATTHAUPT;USA;08.12.2010;02:03.8;123.76
2011;LCM;M;1;30 - 34;200;MEDLEY;ISTVANBATHAZI;USA;8/23/2009;02:05.5;125.52
2011;LCM;M;1;30 - 34;400;MEDLEY;ASUKAKOIZUMI;JPN;1/16/2010;04:35.4;275.41
2011;LCM;M;1;35 - 39;50;FREE;MARKFOSTER;GBR;8/20/2005;22.76;22.76
2011;LCM;M;1;35 - 39;100;FREE;HIDEAKIHARA;JPN;9/27/2009;50.78;50.78
2011;LCM;M;1;35 - 39;200;FREE;VLADPYSHNENKO;USA;08.06.2006;01:52.8;112.84
2011;LCM;M;1;35 - 39;400;FREE;ROWDYGAINES;USA;7/16/1995;04:07.6;247.64
2011;LCM;M;1;35 - 39;800;FREE;ROWDYGAINES;USA;11.12.1995;08:38.7;518.73
2011;LCM;M;1;35 - 39;1500;FREE;CHRISTOPHERDERKS;USA;8/14/2008;16:32.7;9999;
2011;LCM;M;1;35 - 39;50;BACK;EDILSONSILVA;USA;08.08.2009;27.03;27.03
2011;LCM;M;1;35 - 39;100;BACK;MICHAELROSS;USA;08.09.2006;59.18;59.18
2011;LCM;M;1;35 - 39;200;BACK;DANIELVEATCH;USA;07.09.2000;02:09.3;129.26
2011;LCM;M;1;35 - 39;50;BREAST;VLADISLAVBRAGIN;RUS;10/24/2009;28.47;28.47
2011;LCM;M;1;35 - 39;100;BREAST;VLADISLAVBRAGIN;RUS;10/25/2009;01:02.7;62.72
2011;LCM;M;1;35 - 39;200;BREAST;NICKGILLINGHAM;GBR;06.05.2004;02:20.3;140.29
2011;LCM;M;1;35 - 39;50;FLY;MARKFOSTER;GBR;8/19/2005;24.7;24.7
2011;LCM;M;1;35 - 39;100;FLY;EIJINOMURA;JPN;03.08.2009;55.84;55.84
2011;LCM;M;1;35 - 39;200;FLY;JEFFSTUART;USA;6/27/1996;02:06.7;126.74
2011;LCM;M;1;35 - 39;200;MEDLEY;RONKARNAUGH;USA;08.03.2002;02:08.2;128.19
2011;LCM;M;1;35 - 39;400;MEDLEY;NICOLASGRANGER;FRA;3/28/2002;04:42.4;282.45
2011;LCM;M;1;40 - 44;50;FREE;M.GIALDI;ITA;4/21/2008;23.86;23.86
2011;LCM;M;1;40 - 44;100;FREE;VLADPYSHNENKO;USA;08.01.2010;51.72;51.72
2011;LCM;M;1;40 - 44;200;FREE;VLADPYSHNENKO;USA;08.02.2010;01:53.7;113.65
2011;LCM;M;1;40 - 44;400;FREE;ERIKHOCHSTEIN;USA;7/24/2009;04:06.7;246.74
2011;LCM;M;1;40 - 44;800;FREE;ALEXKOSTICH;USA;7/25/2010;08:37.8;517.81
2011;LCM;M;1;40 - 44;1500;FREE;ALEXKOSTICH;USA;7/23/2010;16:36.9;9999;
2011;LCM;M;1;40 - 44;50;BACK;EDILSONSILVA;BRA;08.06.2010;27.38;27.38
2011;LCM;M;1;40 - 44;100;BACK;MICHAELROSS;USA;08.07.2009;59.08;59.08
2011;LCM;M;1;40 - 44;200;BACK;MARKVOGEL;DEN;08.01.2010;02:12.8;132.77
2011;LCM;M;1;40 - 44;50;BREAST;ALBERTOMONTINI;ITA;9/16/2009;28.84;28.84
2011;LCM;M;1;40 - 44;100;BREAST;ALBERTOMONTINI;ITA;6/26/2009;01:05.0;65.04
2011;LCM;M;1;40 - 44;200;BREAST;ALBERTOMONTINI;ITA;6/24/2009;02:18.9;138.94
2011;LCM;M;1;40 - 44;50;FLY;MICHAELROSS;USA;08.06.2009;25.57;25.57
2011;LCM;M;1;40 - 44;100;FLY;MICHAELROSS;USA;8/23/2008;56.43;56.43
2011;LCM;M;1;40 - 44;200;FLY;DENNISBAKER;USA;07.11.2004;02:05.5;125.55
2011;LCM;M;1;40 - 44;200;MEDLEY;ALBERTOMONTINI;ITA;6/25/2009;02:10.6;130.63
2011;LCM;M;1;40 - 44;400;MEDLEY;PETERBERMEL;GER;4/22/2007;04:47.0;287.01
2011;LCM;M;1;45 - 49;50;FREE;BRENTBARNES;JPN;7/19/2004;24.26;24.26
2011;LCM;M;1;45 - 49;100;FREE;MARCOCOLOMBO;ITA;8/19/2005;53.77;53.77
2011;LCM;M;1;45 - 49;200;FREE;KEITHSWITZER;USA;08.06.2009;01:57.9;117.89
2011;LCM;M;1;45 - 49;400;FREE;KEITHSWITZER;USA;08.09.2009;04:11.1;251.07
2011;LCM;M;1;45 - 49;800;FREE;MARCUSMATTIOLI;BRA;08.04.2006;08:42.9;522.85
2011;LCM;M;1;45 - 49;1500;FREE;JEFFERWIN;USA;08.10.2009;16:38.8;9999;
2011;LCM;M;1;45 - 49;50;BACK;STEVEWOOD;USA;06.07.2008;28.05;28.05
2011;LCM;M;1;45 - 49;100;BACK;STEVEWOOD;USA;06.08.2008;01:00.1;60.13
2011;LCM;M;1;45 - 49;200;BACK;TAIHEISAKA;JPN;6/27/2009;02:16.8;136.78
2011;LCM;M;1;45 - 49;50;BREAST;V.ZAGREBENKO;RUS;9/16/2009;29.7;29.7
2011;LCM;M;1;45 - 49;100;BREAST;V.PYLYPCHENKO;UKR;9/17/2009;01:06.4;66.35
2011;LCM;M;1;45 - 49;200;BREAST;V.PYLYPCHENKO;UKR;9/19/2009;02:24.9;144.91
2011;LCM;M;1;45 - 49;50;FLY;PAULSMITH;USA;08.06.2006;25.9;25.9
2011;LCM;M;1;45 - 49;100;FLY;PAULCARTER;USA;08.11.2002;56.85;56.85
2011;LCM;M;1;45 - 49;200;FLY;DENNISBAKER;USA;08.09.2006;02:06.9;126.94
2011;LCM;M;1;45 - 49;200;MEDLEY;JEROMEFRENTSOS;USA;8/22/2010;02:14.9;134.9
2011;LCM;M;1;45 - 49;400;MEDLEY;JEROMEFRENTSOS;USA;8/21/2010;04:47.6;287.65
2011;LCM;M;1;50 - 54;50;FREE;BRENTBARNES;JPN;6/27/2009;24.08;24.08
2011;LCM;M;1;50 - 54;100;FREE;BOBBUGG;USA;08.07.2009;54.94;54.94
2011;LCM;M;1;50 - 54;200;FREE;DANSTEPHENSON;USA;8/13/2007;02:00.3;120.34
2011;LCM;M;1;50 - 54;400;FREE;DANSTEPHENSON;USA;8/13/2007;04:16.6;256.61
2011;LCM;M;1;50 - 54;800;FREE;MARCUSMATTIOLI;BRA;7/31/2010;08:55.1;535.05
2011;LCM;M;1;50 - 54;1500;FREE;JIMMCCONICA;USA;8/20/2000;17:08.3;9999;
2011;LCM;M;1;50 - 54;50;BACK;JAMIEFOWLER;USA;7/26/2009;29.43;29.43
2011;LCM;M;1;50 - 54;100;BACK;JAMIEFOWLER;USA;08.07.2009;01:02.9;62.93
2011;LCM;M;1;50 - 54;200;BACK;JAMIEFOWLER;USA;08.06.2009;02:17.7;137.74
2011;LCM;M;1;50 - 54;50;BREAST;OLIVIERBORIOS;FRA;9/16/2009;30.97;30.97
2011;LCM;M;1;50 - 54;100;BREAST;GARYPATTERSON;USA;08.06.2009;01:09.4;69.36
2011;LCM;M;1;50 - 54;200;BREAST;LORENZOMARUGO;ITA;06.05.2004;02:35.1;155.08
2011;LCM;M;1;50 - 54;50;FLY;PAULCARTER;USA;8/16/2008;25.88;25.88
2011;LCM;M;1;50 - 54;100;FLY;PAULCARTER;USA;8/15/2008;57.23;57.23
2011;LCM;M;1;50 - 54;200;FLY;MARCUSMATTIOLI;BRA;11.07.2010;02:13.4;133.36
2011;LCM;M;1;50 - 54;200;MEDLEY;JAMIEFOWLER;USA;7/25/2009;02:18.1;138.05
2011;LCM;M;1;50 - 54;400;MEDLEY;MARCUSMATTIOLI;BRA;08.02.2010;04:53.7;293.69
2011;LCM;M;1;55 - 59;50;FREE;JACKGROSELLE;USA;07.07.2009;25.01;25.01
2011;LCM;M;1;55 - 59;100;FREE;JACKGROSELLE;USA;7/23/2009;56.08;56.08
2011;LCM;M;1;55 - 59;200;FREE;MICHAELMANN;USA;7/26/2009;02:04.0;124.01
2011;LCM;M;1;55 - 59;400;FREE;MICHAELMANN;USA;7/25/2009;04:22.5;262.49
2011;LCM;M;1;55 - 59;800;FREE;MICHAELMANN;USA;7/24/2009;09:00.1;540.09
2011;LCM;M;1;55 - 59;1500;FREE;MICHAELMANN;USA;08.10.2009;17:22.6;9999;
2011;LCM;M;1;55 - 59;50;BACK;GARYHALL;USA;08.09.2009;30.09;30.09
2011;LCM;M;1;55 - 59;100;BACK;GARYHALL;USA;08.07.2009;01:06.1;66.14
2011;LCM;M;1;55 - 59;200;BACK;JIMMCCONICA;USA;8/15/2005;02:25.9;145.89
2011;LCM;M;1;55 - 59;50;BREAST;WALTERKUSCH;GER;9/16/2009;31.05;31.05
2011;LCM;M;1;55 - 59;100;BREAST;TIMOTHYSHEAD;RSA;4/19/2008;01:11.1;71.13
2011;LCM;M;1;55 - 59;200;BREAST;RICKCOLELLA;USA;8/17/2008;02:38.7;158.66
2011;LCM;M;1;55 - 59;50;FLY;GARYHALL;USA;08.06.2009;26.86;26.86
2011;LCM;M;1;55 - 59;100;FLY;GREGSHAW;USA;08.07.2006;01:01.0;61.05
2011;LCM;M;1;55 - 59;200;FLY;BRADHORNER;USA;08.07.2009;02:19.0;138.97
2011;LCM;M;1;55 - 59;200;MEDLEY;MICHAELMANN;USA;08.09.2009;02:20.8;140.83
2011;LCM;M;1;55 - 59;400;MEDLEY;MICHAELMANN;USA;7/26/2009;05:04.1;304.07
2011;LCM;M;1;60 - 64;50;FREE;RICHARDABRAHAMS;USA;08.07.2006;25.23;25.23
2011;LCM;M;1;60 - 64;100;FREE;RICHARDABRAHAMS;USA;8/15/2005;58.61;58.61
2011;LCM;M;1;60 - 64;200;FREE;JIMMCCONICA;USA;5/16/2010;02:12.6;132.57
2011;LCM;M;1;60 - 64;400;FREE;JIMMCCONICA;USA;7/24/2010;04:40.5;280.52
2011;LCM;M;1;60 - 64;800;FREE;DUNCANMCCREADIE;FRA;8/16/2005;10:02.4;9999;
2011;LCM;M;1;60 - 64;1500;FREE;JIMMCCONICA;USA;06.06.2010;18:12.1;9999;
2011;LCM;M;1;60 - 64;50;BACK;HUGHWILDER;USA;06.02.2007;31.46;31.46
2011;LCM;M;1;60 - 64;100;BACK;HUGHWILDER;USA;06.02.2007;01:08.8;68.77
2011;LCM;M;1;60 - 64;200;BACK;JIMMCCONICA;USA;06.06.2010;02:34.4;154.38
2011;LCM;M;1;60 - 64;50;BREAST;ROBERTSTRAND;USA;8/15/2008;33.41;33.41
2011;LCM;M;1;60 - 64;100;BREAST;ROBERTSTRAND;USA;8/16/2008;01:15.4;75.42
2011;LCM;M;1;60 - 64;200;BREAST;ROBERTSTRAND;USA;08.03.2008;02:50.8;170.77
2011;LCM;M;1;60 - 64;50;FLY;RICHARDABRAHAMS;USA;8/15/2005;27.92;27.92
2011;LCM;M;1;60 - 64;100;FLY;RICHARDABRAHAMS;USA;8/15/2005;01:03.0;63.03
2011;LCM;M;1;60 - 64;200;FLY;FREDSCHLICHER;USA;6/22/2008;02:31.6;151.58
2011;LCM;M;1;60 - 64;200;MEDLEY;FREDSCHLICHER;USA;6/22/2008;02:30.7;150.72
2011;LCM;M;1;60 - 64;400;MEDLEY;FREDSCHLICHER;USA;6/21/2008;05:31.0;330.99
2011;LCM;M;1;65 - 69;50;FREE;RICHARDABRAHAMS;USA;08.12.2010;26.33;26.33
2011;LCM;M;1;65 - 69;100;FREE;RICHARDABRAHAMS;USA;08.12.2010;01:00.4;60.38
2011;LCM;M;1;65 - 69;200;FREE;TOMLANDIS;USA;8/15/2008;02:18.5;138.53
2011;LCM;M;1;65 - 69;400;FREE;TOMLANDIS;USA;03.10.2007;05:00.3;300.26
2011;LCM;M;1;65 - 69;800;FREE;TOMLANDIS;USA;06.10.2007;10:25.9;9999;
2011;LCM;M;1;65 - 69;1500;FREE;TOMLANDIS;USA;04.06.2008;20:01.0;9999;
2011;LCM;M;1;65 - 69;50;BACK;RICHARDBURNS;USA;08.09.2009;32.19;32.19
2011;LCM;M;1;65 - 69;100;BACK;RICHARDBURNS;USA;08.07.2009;01:11.3;71.32
2011;LCM;M;1;65 - 69;200;BACK;BERNDHORSTMANN;GER;2/22/2008;02:41.0;160.95
2011;LCM;M;1;65 - 69;50;BREAST;OSAMUMAEDA;JPN;09.05.2009;34.61;34.61
2011;LCM;M;1;65 - 69;100;BREAST;KENNETHFROST;USA;08.06.2009;01:18.1;78.11
2011;LCM;M;1;65 - 69;200;BREAST;KENNETHFROST;USA;08.09.2009;02:59.5;179.54
2011;LCM;M;1;65 - 69;50;FLY;JOSEPCLARET;ESP;6/27/2009;28.54;28.54
2011;LCM;M;1;65 - 69;100;FLY;RICHARDABRAHAMS;USA;08.11.2010;01:07.3;67.34
2011;LCM;M;1;65 - 69;200;FLY;DEREKPARR;GBR;6/20/2009;02:47.6;167.6
2011;LCM;M;1;65 - 69;200;MEDLEY;RICHARDBURNS;USA;08.09.2009;02:43.4;163.37
2011;LCM;M;1;65 - 69;400;MEDLEY;BARRYYOUNG;NZL;3/20/2004;05:52.8;352.79
2011;LCM;M;1;70 - 74;50;FREE;JEFFFARRELL;USA;7/14/2007;28.53;28.53
2011;LCM;M;1;70 - 74;100;FREE;CAVCAVANAUGH;USA;8/15/2005;01:05.4;65.4
2011;LCM;M;1;70 - 74;200;FREE;DAVIDRADCLIFF;USA;8/15/2008;02:26.2;146.2
2011;LCM;M;1;70 - 74;400;FREE;GRAHAMJOHNSTON;USA;05.04.2001;05:12.1;312.05
2011;LCM;M;1;70 - 74;800;FREE;GRAHAMJOHNSTON;USA;3/24/2002;10:45.9;9999;
2011;LCM;M;1;70 - 74;1500;FREE;GRAHAMJOHNSTON;USA;8/16/2001;20:36.6;9999;
2011;LCM;M;1;70 - 74;50;BACK;YOSHIOYAKAWA;USA;8/17/2003;35.31;35.31
2011;LCM;M;1;70 - 74;100;BACK;BARRYYOUNG;NZL;4/30/2009;01:16.6;76.64
2011;LCM;M;1;70 - 74;200;BACK;BARRYYOUNG;NZL;3/14/2009;02:48.1;168.1
2011;LCM;M;1;70 - 74;50;BREAST;YOSHIHIKOOSAKI;JPN;09.05.2009;37.23;37.23
2011;LCM;M;1;70 - 74;100;BREAST;KARLWIEDAMANN;USA;4/19/2008;01:24.7;84.71
2011;LCM;M;1;70 - 74;200;BREAST;MICHAELMALONEY;AUS;3/14/2009;03:04.8;184.79
2011;LCM;M;1;70 - 74;50;FLY;HIROSHIMATSUMOTO;JPN;9/24/2007;31.49;31.49
2011;LCM;M;1;70 - 74;100;FLY;BARRYYOUNG;NZL;3/14/2009;01:17.3;77.32
2011;LCM;M;1;70 - 74;200;FLY;BARRYYOUNG;NZL;05.02.2009;02:53.9;173.86
2011;LCM;M;1;70 - 74;200;MEDLEY;BARRYYOUNG;NZL;05.03.2009;02:45.6;165.6
2011;LCM;M;1;70 - 74;400;MEDLEY;BARRYYOUNG;NZL;05.01.2009;05:57.8;357.81
2011;LCM;M;1;75 - 79;50;FREE;DAVIDRADCLIFF;USA;07.11.2009;30.28;30.28
2011;LCM;M;1;75 - 79;100;FREE;DAVIDRADCLIFF;USA;07.12.2009;01:06.6;66.63
2011;LCM;M;1;75 - 79;200;FREE;DAVIDRADCLIFF;USA;06.06.2009;02:25.7;145.66
2011;LCM;M;1;75 - 79;400;FREE;DAVIDRADCLIFF;USA;03.07.2009;05:17.8;317.77
2011;LCM;M;1;75 - 79;800;FREE;DAVIDRADCLIFF;USA;07.10.2009;11:07.9;9999;
2011;LCM;M;1;75 - 79;1500;FREE;DAVIDRADCLIFF;USA;07.10.2009;21:03.1;9999;
2011;LCM;M;1;75 - 79;50;BACK;YOSHIOYAKAWA;USA;8/16/2008;36.14;36.14
2011;LCM;M;1;75 - 79;100;BACK;BURWELLJONES;USA;6/14/2009;01:21.0;80.98
2011;LCM;M;1;75 - 79;200;BACK;BURWELLJONES;USA;6/13/2010;02:57.7;177.72
2011;LCM;M;1;75 - 79;50;BREAST;TETSUONAKAMARU;JPN;7/17/2010;40.01;40.01
2011;LCM;M;1;75 - 79;100;BREAST;TETSUONAKAMARU;JPN;6/20/2010;01:29.6;89.55
2011;LCM;M;1;75 - 79;200;BREAST;SHUNSAKUTAKAHIRA;JPN;9/24/2007;03:28.5;208.51
2011;LCM;M;1;75 - 79;50;FLY;HIROSHIMATSUMOTO;JPN;1/16/2011;34.04;34.04
2011;LCM;M;1;75 - 79;100;FLY;TAKASHIHAYASHI;JPN;7/19/2008;01:26.0;86.04
2011;LCM;M;1;75 - 79;200;FLY;TAKASHIHAYASHI;JPN;7/18/2008;03:26.3;206.28
2011;LCM;M;1;75 - 79;200;MEDLEY;BURWELLJONES;USA;6/13/2009;03:06.6;186.58
2011;LCM;M;1;75 - 79;400;MEDLEY;BURWELLJONES;USA;6/14/2009;06:48.5;408.48
2011;LCM;M;1;80 - 84;50;FREE;B.SCHLURIKE;GER;1/19/2002;32.73;32.73
2011;LCM;M;1;80 - 84;100;FREE;GRAHAMJOHNSTON;USA;03.12.2011;01:16.0;76.04
2011;LCM;M;1;80 - 84;200;FREE;GRAHAMJOHNSTON;USA;03.12.2011;02:53.7;173.74
2011;LCM;M;1;80 - 84;400;FREE;GRAHAMJOHNSTON;USA;03.12.2011;06:21.6;381.59
2011;LCM;M;1;80 - 84;800;FREE;GRAHAMJOHNSTON;USA;03.12.2011;12:56.5;9999;
2011;LCM;M;1;80 - 84;1500;FREE;HIROSHIYOSHIMURA;JPN;11.09.2008;25:59.6;9999;
2011;LCM;M;1;80 - 84;50;BACK;KEIJIRONAKAMURA;JPN;7/21/2003;38.41;38.41
2011;LCM;M;1;80 - 84;100;BACK;KEIJIRONAKAMURA;JPN;7/21/2003;01:27.0;86.97
2011;LCM;M;1;80 - 84;200;BACK;KEIJIRONAKAMURA;JPN;03.07.2004;03:16.8;196.82
2011;LCM;M;1;80 - 84;50;BREAST;TOSHIOTAJIMA;JPN;9/18/2006;41.68;41.68
2011;LCM;M;1;80 - 84;100;BREAST;TOSHIOTAJIMA;JPN;7/18/2005;01:41.0;101.02
2011;LCM;M;1;80 - 84;200;BREAST;ALCRAIG;USA;6/23/2007;03:47.8;227.81
2011;LCM;M;1;80 - 84;50;FLY;FRANKPIEMME;USA;8/15/2005;40.92;40.92
2011;LCM;M;1;80 - 84;100;FLY;THOMASMAINE;USA;08.07.2006;01:45.5;105.5
2011;LCM;M;1;80 - 84;200;FLY;THOMASMAINE;USA;08.09.2006;03:54.5;234.51
2011;LCM;M;1;80 - 84;200;MEDLEY;JANZIEGLER;CZE;10/22/2005;03:32.8;212.82
2011;LCM;M;1;80 - 84;400;MEDLEY;JANZIEGLER;CZE;10/21/2005;07:38.1;458.09
2011;LCM;M;1;85 - 89;50;FREE;KEIJIRONAKAMURA;JPN;03.02.2008;33.94;33.94
2011;LCM;M;1;85 - 89;100;FREE;FRANKPIEMME;USA;06.06.2010;01:23.3;83.25
2011;LCM;M;1;85 - 89;200;FREE;HIKOJIUEKI;JPN;7/16/2000;03:13.8;193.78
2011;LCM;M;1;85 - 89;400;FREE;FRANKPIEMME;USA;5/16/2010;07:03.1;423.07
2011;LCM;M;1;85 - 89;800;FREE;WILLARDLAMB;USA;04.06.2008;14:36.9;9999;
2011;LCM;M;1;85 - 89;1500;FREE;WILLARDLAMB;USA;04.06.2008;28:35.2;9999;
2011;LCM;M;1;85 - 89;50;BACK;KEIJIRONAKAMURA;JPN;7/18/2008;39.89;39.89
2011;LCM;M;1;85 - 89;100;BACK;KEIJIRONAKAMURA;JPN;03.02.2008;01:31.6;91.65
2011;LCM;M;1;85 - 89;200;BACK;KEIJIRONAKAMURA;JPN;7/19/2008;03:28.6;208.59
2011;LCM;M;1;85 - 89;50;BREAST;TOSHIOTAJIMA;JPN;6/19/2010;45.66;45.66
2011;LCM;M;1;85 - 89;100;BREAST;FRANKPIEMME;USA;7/24/2010;01:51.8;111.79
2011;LCM;M;1;85 - 89;200;BREAST;KARLHAUTER;GER;08.05.2010;04:13.8;253.81
2011;LCM;M;1;85 - 89;50;FLY;FRANKPIEMME;USA;07.03.2010;45.63;45.63
2011;LCM;M;1;85 - 89;100;FLY;THOMASMAINE;USA;08.03.2010;01:55.2;115.18
2011;LCM;M;1;85 - 89;200;FLY;THOMASMAINE;USA;07.11.2010;04:15.9;255.86
2011;LCM;M;1;85 - 89;200;MEDLEY;THOMASMAINE;USA;08.03.2010;03:51.2;231.2
2011;LCM;M;1;85 - 89;400;MEDLEY;THOMASMAINE;USA;07.11.2010;08:21.8;501.81
2011;LCM;M;1;90 - 94;50;FREE;WOODYBOWERSOCK;USA;08.11.2003;40.72;40.72
2011;LCM;M;1;90 - 94;100;FREE;GOROKOBAYASHI;JPN;9/24/2006;01:38.1;98.05
2011;LCM;M;1;90 - 94;200;FREE;TOKUSHIKOMEDA;JPN;7/19/2004;03:54.9;234.89
2011;LCM;M;1;90 - 94;400;FREE;TOKUSHIKOMEDA;JPN;9/26/2004;08:13.4;493.45
2011;LCM;M;1;90 - 94;800;FREE;TOKUSHIKOMEDA;JPN;11.03.2005;17:54.4;9999;
2011;LCM;M;1;90 - 94;1500;FREE;GUSLANGNER;USA;8/22/1993;36:47.0;9999;
2011;LCM;M;1;90 - 94;50;BACK;GOROKOBAYASHI;JPN;7/17/2006;46.82;46.82
2011;LCM;M;1;90 - 94;100;BACK;GOROKOBAYASHI;JPN;08.09.2006;01:45.5;105.46
2011;LCM;M;1;90 - 94;200;BACK;GOROKOBAYASHI;JPN;7/16/2007;04:05.8;245.77
2011;LCM;M;1;90 - 94;50;BREAST;HIROMUYOSHIMOTO;JPN;9/25/2005;57.2;57.2
2011;LCM;M;1;90 - 94;100;BREAST;HIROMUYOSHIMOTO;JPN;9/19/2005;02:15.4;135.43
2011;LCM;M;1;90 - 94;200;BREAST;HIROMUYOSHIMOTO;JPN;7/18/2005;05:17.5;317.47
2011;LCM;M;1;90 - 94;50;FLY;WALTERPFEIFFER;USA;08.11.2003;01:00.3;60.3
2011;LCM;M;1;90 - 94;100;FLY;WALTERPFEIFFER;USA;08.11.2003;02:31.0;151.03
2011;LCM;M;1;90 - 94;200;FLY;WALTERPFEIFFER;USA;08.11.2003;05:51.8;351.79
2011;LCM;M;1;90 - 94;200;MEDLEY;TOKUSHIKOMEDA;JPN;2/29/2004;05:02.6;302.64
2011;LCM;M;1;90 - 94;400;MEDLEY;WALTERPFEIFFER;USA;08.11.2003;11:19.9;679.9
2011;LCM;M;1;95 - 99;50;FREE;GUSLANGNER;USA;08.02.1998;55.88;55.88
2011;LCM;M;1;95 - 99;100;FREE;KAZUNAGAAKUTSU;JPN;7/16/2007;02:17.6;137.59
2011;LCM;M;1;95 - 99;200;FREE;GUSLANGNER;USA;8/23/1998;05:13.2;313.23
2011;LCM;M;1;95 - 99;400;FREE;GUSLANGNER;USA;8/23/1998;11:30.5;690.5
2011;LCM;M;1;95 - 99;800;FREE;GUSLANGNER;USA;8/23/1998;22:28.3;1348.3
2011;LCM;M;1;95 - 99;1500;FREE;GUSLANGNER;USA;8/23/1999;47:30.4;2850.4
2011;LCM;M;1;95 - 99;50;BACK;TOSHIJISATO;JPN;7/16/2010;01:01.6;61.61
2011;LCM;M;1;95 - 99;100;BACK;TOSHIJISATO;JPN;7/18/2010;02:22.8;142.83
2011;LCM;M;1;95 - 99;200;BACK;TOSHIJISATO;JPN;7/17/2010;05:30.1;330.07
2011;LCM;M;1;95 - 99;50;BREAST;HIROMUYOSHIMOTO;JPN;6/19/2010;01:10.8;70.83
2011;LCM;M;1;95 - 99;100;BREAST;HIROMUYOSHIMOTO;JPN;6/20/2010;02:40.1;160.08
2011;LCM;M;1;95 - 99;200;BREAST;HIROMUYOSHIMOTO;JPN;6/20/2010;05:47.3;347.31
2011;LCM;M;1;95 - 99;50;FLY;WALTERPFEIFFER;USA;06.01.2008;02:01.4;121.41
2011;LCM;M;1;95 - 99;100;FLY;WALTERPFEIFFER;USA;06.01.2008;04:09.5;249.52
2011;LCM;M;1;95 - 99;200;FLY;WALTERPFEIFFER;USA;06.01.2008;14:05.3;845.3
2011;LCM;M;1;95 - 99;200;MEDLEY;WALTERPFEIFFER;USA;06.01.2008;08:56.0;535.97
2011;LCM;M;1;95 - 99;400;MEDLEY;WALTERPFEIFFER;USA;06.01.2008;17:29.2;1049.2
2011;LCM;M;1;100 - 104;50;FREE;TOMLANE;USA;07.09.1994;01:40.5;100.46
2011;LCM;M;1;100 - 104;100;FREE;TOMLANE;USA;07.09.1994;04:06.0;245.98
2011;LCM;M;1;100 - 104;200;FREE;;;;;9999;
2011;LCM;M;1;100 - 104;400;FREE;;;;;9999;
2011;LCM;M;1;100 - 104;800;FREE;;;;;9999;
2011;LCM;M;1;100 - 104;1500;FREE;;;;;9999;
2011;LCM;M;1;100 - 104;50;BACK;TOMLANE;USA;07.09.1994;01:50.7;110.73
2011;LCM;M;1;100 - 104;100;BACK;TOMLANE;USA;07.09.1994;04:13.8;253.84
2011;LCM;M;1;100 - 104;200;BACK;TOMLANE;USA;07.09.1994;09:04.3;544.31
2011;LCM;M;1;100 - 104;50;BREAST;;;;;9999;
2011;LCM;M;1;100 - 104;100;BREAST;;;;;9999;
2011;LCM;M;1;100 - 104;200;BREAST;;;;;9999;
2011;LCM;M;1;100 - 104;50;FLY;;;;;9999;
2011;LCM;M;1;100 - 104;100;FLY;;;;;9999;
2011;LCM;M;1;100 - 104;200;FLY;;;;;9999;
2011;LCM;M;1;100 - 104;200;MEDLEY;;;;;9999;
2011;LCM;M;1;100 - 104;400;MEDLEY;;;;;9999;
